Interactions;Followers;Following;Total likes;Username;Display name;bio;authorMeta/verified;jumlah video;jumlah orang yang menyimpan;jumlah komentar;Waktu mengupload;Jumlah like;efek yang digunakan;hashtag 0;deskripsi hashtag 0;hashtag 1;hashtag 2;hashtag 3;hashtag 4;hashtag 5;hashtag 6;hashtag 7;hashtags/8/name;hashtags/9/name;hashtags/10/name;hashtags/11/name;hashtags/12/name;hashtags/13/name;hashtags/14/name;hashtags/15/name;hashtags/16/name;hashtags/17/name;hashtags/18/name;Apakah menggunakan ad?;mentions/0;mentions/1;Artis musik;music;musicMeta/musicOriginal;views;share;caption;durasi video;videoMeta/height;webVideoUrl
74000;166300;168;7700000;gabriellamileniaa;Gabriella Milenia;"hello!🧸
follow me for more fashion & beauty inspo💓✨

shop my outfits here👇🏻";FALSE;1354;273;0;04/02/2024 14.36;929;;;;gayaditiktok;fashiontok;cardiganmurah;cardiganrajut;;;;;;;;;;;;;;;FALSE;@Cia’s;@Reveka;@_zemosaudios_;foolish one sped up;TRUE;33700;29;Replying to @Cia’s Ootd mana yg paling lucu?👀💓 #gayaditiktok #fashiontok #cardiganmurah #cardiganrajut @Reveka ;12;1024;https://www.tiktok.com/@gabriellamileniaa/video/7331647306313239814
2212;1046;1298;5284;semi_epic;semi;"Inspirasi outfit
Tinggi bdn 163 cm
BB 60 kg
Contoh pemakaian
0895412669100";FALSE;339;112;0;15/07/2023 15.37;284;Kasat Mata II;cardiganoutfit;;cardiganknit;cardiganpanjang;cardiganmurah;outer;outerpanjang;ootdhijab;ootdcardigan;cardiganootd;;;;;;;;;;;FALSE;;;lisu edits;original sound;TRUE;100200;42;Rekomendasi cardigan knit#cardiganoutfit#cardiganknit#cardiganpanjang#cardiganmurah#outer#outerpanjang#ootdhijab#ootdcardigan#cardiganootd ;16;1024;https://www.tiktok.com/@semi_epic/video/7255961691966491910
2919;476;508;1352;mektoq02;syikinida;"newbie affiliate👶
support saya ya korang😁
tq😘
road to 1k";FALSE;102;296;0;30/12/2023 22.13;437;;cardiganabaya;;cardiganviral;outfitcardigan;cardiganmurah;;;;;;;;;;;;;;;;FALSE;;;syikinida;bunyi asal - syikinida;TRUE;46300;117;#cardiganabaya #cardiganviral #outfitcardigan #cardiganmurah ;19;1024;https://www.tiktok.com/@mektoq02/video/7318406112191991048
9177;154900;95;743800;newshoppeland;Newshoppeland;"📍Bdg
Live Setiap Hari 9 Pagi - 9 Malam WIB
Premium Knitwear Self Manufacture
⬇️";FALSE;1629;32;0;12/12/2023 13.14;208;;sale;"Benji &amp; Fede vi invitano a condividere quello che vi fa star bene tutti i giorni e vi fa scacciare l’ansia… con #Sale in sottofondo! 😊";fyp;cardiganrajut;premiumrajut;cardigan;bandung;murahbanget;;;;;;;;;;;;;FALSE;;;EXO;첫 눈 The First Snow - Sped Up;FALSE;13300;6;Emang paling gak tahan kalau liat yang MURAH !! 🌸✨🫶  #sale #fyp #cardiganrajut #premiumrajut #cardigan #bandung #murahbanget ;11;1024;https://www.tiktok.com/@newshoppeland/video/7311587778695908614
13600;1645;240;59100;kaelacaling;km ✿;"beauty | lifestyle | recos
📩 collabwithkm@gmail.com";FALSE;184;1793;62;08/11/2023 14.38;15300;;kmfinds;;recosbykm;cardigan;cardiganoutfit;knittedcardigan;knittedsweaters;knittedtops;ootd;ootdcardigan;tiktokfinds;budolfinds;;;;;;;;;FALSE;;;(Taylor’s version);Dress;TRUE;333800;193;today’s fit 🌷 a high quality cardigan for a cheap price ✨ #kmfinds #recosbykm #cardigan #cardiganoutfit #knittedcardigan #knittedsweaters #knittedtops #ootd #ootdcardigan #tiktokfinds #budolfinds;11;1024;https://www.tiktok.com/@kaelacaling/video/7298992522020375813
4929;992600;437;29400000;sweastyle;SweaStyle;"Fashion & beauty hacks 💗
For more
👇";FALSE;423;150200;0;14/11/2023 02.51;466000;;;;fashionhack;cardiganhack;sweatherhack;;;;;;;;;;;;;;;;FALSE;@FashionNova;;"Daisuke""D.I""Imai";Western music, trap soul, R&B beat ♫(866926);FALSE;10200000;3725;3 cardigan fashion hack @FashionNova  #fashionhack #cardiganhack #sweatherhack ;70;1024;https://www.tiktok.com/@sweastyle/video/7301036775751945478
399;58500;12;595100;miscathelabel_;miscathelabel;"🛒 Shopee: miscathelabel 
IG: miscathelabel_
📔 : miscadiary_
📍Bandung, Idn";FALSE;510;211;0;26/02/2024 16.49;569;;ramadanekstraseru;"🌟 Bagikan Cerita Cobaan Ramadanmu. Dan menangkan survival kit eksklusif!🌟
Bagikan cerita cobaan Ramadanmu dan dapatkan kesempatan untuk memenangkan survival kit Ramadan spesial dari TikTok dan Tokopedia dengan produk-produk viral di dalamnya yang dapat membantumu mengatasi cobaan!

🌟 Cara Berpartisipasi:
- Gunakan hashtag #RamadanEkstraSeru.
- Unggah video kreatifmu tentang berbagi cerita cobaan Ramadan.
- Tag 3 temanmu di caption.

🌟 Persyaratan:
- Pastikan akunmu terbuka untuk publik.
- Pastikan akunmu bukan akun palsu atau akun yang digunakan untuk giveaway.

🌟 Periode Kampanye:
20 Februari - 5 April

🌟 Hadiah untuk Video Paling Viral:
10 survival kit Ramadan akan diberikan kepada 10 Video Paling Viral🚀

Seluruh hak interpretasi milik TikTok dan Tokopedia";ootdindo;cardiganoutfit;cardiganmurah;cardiganpolos;cardigancrop;;;;;;;;;;;;;;TRUE;;;SINAX SCHEFFEL;Gossip Girl;FALSE;93000;39;Pilih Maroon / White? 🤭 2 warna best seller di bulan ini nih ! #ramadanekstraseru #ootdindo #cardiganoutfit #cardiganmurah #cardiganpolos #cardigancrop ;6;1024;https://www.tiktok.com/@miscathelabel_/video/7339845455259405573
53;10800;8;90400;althaf.nisa;Althafunnisa;Jangan lupa follow ya;FALSE;582;113;0;26/07/2023 06.21;926;;cardigankoreanstyle;;cardiganoutfit;cardigankorean;cardiganlemonskin;;;;;;;;;;;;;;;;FALSE;;;Althafunnisa;suara asli - Galeri Sakinah;TRUE;82600;320;Cardigan ini banyak yang naksir secara modelnya cakep harganya murah banget gitu lho kak.. wajib order #cardigankoreanstyle #cardiganoutfit #cardigankorean #cardiganlemonskin ;121;1024;https://www.tiktok.com/@althaf.nisa/video/7259900298062236933
23500;36400;1323;239700;joystudawerld;joyce;"oh, hi! glad ur here ᡣ𐭩
joycenilo0597@gmail.com";FALSE;632;5528;0;02/10/2023 18.31;23000;;fyp;;knittedcardigan;sweatercardigan;cardigan;fashion;style;ootdideas;tiktokfinds;tiktokshop;foryou;foryoupage;tiktokph;fyppppppppppppppppppppppp;;;;;;;FALSE;;;Tazzy;If It's Lovin That You Want - Cover;FALSE;1300000;1000;high quality knitted sweater cardigan — available in 4 colors ✨ get yours now, ladies! #fyp #knittedcardigan #sweatercardigan #cardigan #fashion #style #ootdideas #tiktokfinds #tiktokshop #foryou #foryoupage #tiktokph #fyppppppppppppppppppppppp ;15;1024;https://www.tiktok.com/@joystudawerld/video/7285322337996524806
9177;154900;95;743800;newshoppeland;Newshoppeland;"📍Bdg
Live Setiap Hari 9 Pagi - 9 Malam WIB
Premium Knitwear Self Manufacture
⬇️";FALSE;1629;357;0;31/07/2023 11.55;1008;;ttshoplocal;"Temukan tren Fashion Lokal terkini di sini!

Cek rekomendasi pakaian sampai aksesoris pelengkap style-mu dari beragam toko favorit di TikTok Shop! Nikmati promo spesial: Diskon s/d 80%, Voucher Belanja, hingga Gratis Ongkir pada 6-8 Februari 2023. 

Kamu juga bisa berpartisipasi dengan upload video menggunakan brand Fashion Lokal dengan hashtag #TTSHOPLOCAL. Jangan lewatkan hype-nya!";cardiganrajut;fyp;koreanstylefashion;racunintiktok;cardiganmurah;sweatermurah;ootdsimple;;;;;;;;;;;;FALSE;;;Sanjaya;suara asli - Sanjaya;TRUE;142100;71;Yuk buruan langsung cek keranjang kuning skrng juga bestie🥰#TTshoplocal #cardiganrajut #fyp #koreanstylefashion #racunintiktok #cardiganmurah #sweatermurah #ootdsimple ;10;1024;https://www.tiktok.com/@newshoppeland/video/7261841886552411398
31000;90300;1335;759100;wearingbena;wearingbena;SHOPEE: WEARINGBENA;FALSE;1689;20;5;15/12/2023 16.26;37;;cardiganrajut;;cardiganoutfit;cardiganmurah;;;;;;;;;;;;;;;;;FALSE;;;Phoebe;original sound;TRUE;4589;29;check out sekarang mumpung lagi diskon 8%😍 #cardiganrajut #cardiganoutfit #cardiganmurah ;13;1024;https://www.tiktok.com/@wearingbena/video/7312750493430746373
399;58500;12;595100;miscathelabel_;miscathelabel;"🛒 Shopee: miscathelabel 
IG: miscathelabel_
📔 : miscadiary_
📍Bandung, Idn";FALSE;510;526;0;15/06/2023 15.12;1262;;racunintiktok;;cardiganoutfit;cardiganmurah;cardiganpolos;cardigancrop;tanktopcrop;tanktopbasic;ootdindo;;;;;;;;;;;;FALSE;;;♡;Some;TRUE;134700;155;Yuhuuu para cewe bumi mari merapat, pake cardigan warna Brown kaya gini clean banget ya looksnya 😍 #racunintiktok #cardiganoutfit #cardiganmurah #cardiganpolos #cardigancrop #tanktopcrop #tanktopbasic #ootdindo ;8;1024;https://www.tiktok.com/@miscathelabel_/video/7244822811292830981
944;2537;0;14200;sistalifestyle;Sista Lifestyle;"Gudangnya Outfit Wanita Populer🛒
Trik rahasia FYP ku klik👇";FALSE;601;209;4;02/07/2023 19.58;774;;cardigan;;cardiganrajut;cardiganrajutmurah;racuntiktok;;;;;;;;;;;;;;;;FALSE;;;Muspace Lofi;Blue Moon;FALSE;96200;163;Cardigan Wanita Rajut Oversize Bahan Tebal Cocok di dua cuaca panas & dingin #cardigan #cardiganrajut #cardiganrajutmurah #racuntiktok ;13;1024;https://www.tiktok.com/@sistalifestyle/video/7251204901995367686
9177;154900;95;743800;newshoppeland;Newshoppeland;"📍Bdg
Live Setiap Hari 9 Pagi - 9 Malam WIB
Premium Knitwear Self Manufacture
⬇️";FALSE;1629;22;1;02/10/2023 19.03;52;;fyp;;cardiganrajut;ttshoplocal;cardiganmurah;koreanstylefashion;;;;;;;;;;;;;;;FALSE;;;Sweet After Tears;Au Revoir;FALSE;4105;8;Siapa nii yg suka sama si yukari?🖤🤍 #fyp #cardiganrajut #TTshoplocal #cardiganmurah #koreanstylefashion ;6;1024;https://www.tiktok.com/@newshoppeland/video/7285330455375678725
399;58500;12;595100;miscathelabel_;miscathelabel;"🛒 Shopee: miscathelabel 
IG: miscathelabel_
📔 : miscadiary_
📍Bandung, Idn";FALSE;510;7230;113;05/02/2024 13.08;30000;;ootdinspo;;racunintiktok;cardiganpolos;cardigancrop;cardigankorea;cardiganmurah;;;;;;;;;;;;;;TRUE;;;PONCHET;พี่ชอบหนูที่สุดเลย (I Like You The Most) Feat.VARINZ - Speed Up Version;FALSE;622100;328;Ga kerasa ya sebentar lagi Valday 😙😌 mau di tryon yg mana bestie? #ootdinspo #racunintiktok #cardiganpolos #cardigancrop #cardigankorea #cardiganmurah ;8;1024;https://www.tiktok.com/@miscathelabel_/video/7331995854888275206
5409;85;39;9452;_rekomendasioutfit0;beelinshop;"Happy shopping 
Bantu 1k folls guys✨🌻";FALSE;85;1622;31;27/03/2024 19.00;8105;;atasanwanita;;cardiganrajut;in;inner;rekomendasi;ootd;fyp;;;;;;;;;;;;;FALSE;;;Alessa;Dag Dig Dug;FALSE;188700;148;Paket bundling termurah😍 cardigan+inner cuma 80 ribuan #atasanwanita #cardiganrajut #in #inner #rekomendasi #ootd #fyp ;15;1024;https://www.tiktok.com/@_rekomendasioutfit0/video/7351011788147805446
12500;1200;31;16700;ciipa.ciipa;ciipacip;"MashaAllah Tabarakallah ✨
ig : @ciipa.ciipa
belanja boleh cek link disini 👇🏻";FALSE;688;397;5;10/12/2023 13.10;770;;fyp;;viral;fypシ;viralvideo;racunshopee;racunmurah;koreanstyle;ootdhijab;outfitinspiration;outfitinspo🔥;outfitideas;ootd;fypage;fypシ゚viral;outfitinspo;;;;;FALSE;;;tayloraudios🎧;dress taylor swift;TRUE;68800;56;carigan murah nih 😍 #fyp #viral #fypシ #viralvideo #racunshopee #racunmurah #koreanstyle #ootdhijab #outfitinspiration #outfitinspo🔥 #outfitideas #ootd #fypage #fypシ゚viral #outfitinspo ;12;1024;https://www.tiktok.com/@ciipa.ciipa/video/7310844526405373190
8;97;0;920;kneed.co;KNEED.ID;"Your daily knit wear 🧶✨

Order klik link dibawah👇🏻";FALSE;17;20;0;04/11/2023 11.47;54;;cardiganrajut;;cardiganrajut;knit;rajutmurah;kardiganrajut;kardigan;;;;;;;;;;;;;;FALSE;;;KNEED.ID;original sound - Knèed Official;TRUE;25400;4;CARDIGAN KEKINIAN! KANCINGNYA BENTUK LOVE 🫣 super cuteeeeee 🥰🥰 Check out now or cry later 😛 #cardiganrajut #cardiganrajut #knit #rajutmurah #kardiganrajut #kardigan ;20;1022;https://www.tiktok.com/@kneed.co/video/7297463914290334981
130;34300;66;93600;nimue.outfit;Kabita.Outfit;"LIVE SENIN - SABTU💗
 JAM 08.00 - 21.00";FALSE;310;2395;79;05/05/2023 14.39;9858;Ombre Lips;cardiganrajut;;cardiganmurah;fyp;fypシ;cardigan;cardiganrajutmurah;;;;;;;;;;;;;;FALSE;;;00.13.h;original sound;TRUE;504100;732;Sean cardigannya nih kaka☺️ mau dapet harga murahnya? Join live kita yaa🥰 #cardiganrajut #cardiganmurah #fyp #fypシ #cardigan #cardiganrajutmurah ;10;1024;https://www.tiktok.com/@nimue.outfit/video/7229599656395705606
2482;1635;1639;8071;qfayiee;jennyferreyes🌷;"New affiliate  here👋
 unboxing| random recommendation";FALSE;122;1239;14;09/02/2024 13.49;4239;;cardigan;;cardiganoutfit;blazer;cardigancroptop;fyp;fyppppppppppppppppppppppp;;;;;;;;;;;;;;FALSE;;;фрози & joyful;bounce (i just wanna dance);FALSE;174700;75;My favorite cardigan🥹🫶#cardigan #cardiganoutfit #blazer #cardigancroptop #fyp #fyppppppppppppppppppppppp ;21;1024;https://www.tiktok.com/@qfayiee/video/7333490674223942918
873;208500;2;863900;msmo.id;MSMO.ID;MSMO Official TikTok;FALSE;1700;442;14;06/07/2023 13.43;2301;;;;cardiganmurah;cardiganoutfit;outfitnyaman;fypシ;;;;;;;;;;;;;;;TRUE;@anneblythe;;all;Aku cinta dia;TRUE;338800;98;Replying to @anneblythe  cardigannya dulu ya kaka🥰 #cardiganmurah #cardiganoutfit #outfitnyaman #fypシ ;16;1024;https://www.tiktok.com/@msmo.id/video/7252592613797137669
2;48500;0;459800;elycloth;ELYCLOTH;"PREMIUM KNITWEAR SPECIALIST❗️
CHECK OUT 🛒 -> LINK IN ⬇️";FALSE;411;462;5;20/02/2023 18.38;1885;;fashionnewarrivals;"Lagi cari Outfit terbaru? Cocok! 

Temukan koleksi terbaru dari brand favoritmu dan dapatkan diskon menariknya hanya di #FashionNewArrivals! Yuk, upload video dengan tagar #FashionNewArrivals dan cari Produk Terbaru yang cocok untukmu!";elycloth;cardigan;cardiganrajut;knitwear;ootd;cardiganoutfit;fyp;foryoupage;cardiganmurah;import;;;;;;;;;FALSE;;;Speedy_SNGXS;original sound;TRUE;78900;255;Pink Collections 🎀💝 #FashionNewArrivals #elycloth #cardigan #cardiganrajut #knitwear #OOTD #cardiganoutfit #fyp #foryoupage #cardiganmurah #import ;7;1024;https://www.tiktok.com/@elycloth/video/7202201125104209178
2;48500;0;459800;elycloth;ELYCLOTH;"PREMIUM KNITWEAR SPECIALIST❗️
CHECK OUT 🛒 -> LINK IN ⬇️";FALSE;411;502;3;11/03/2023 10.40;1877;;tiktokshopootd;"Cek promo 3.3 Fashion #TikTokShopOOTD di https://bit.ly/33Fashion

Temukan inspirasi OOTD favoritmu dari seller-seller rekomendasi TikTok Shop.

Post OOTD kesayangan kamu menggunakan hashtag #TikTokShopOOTD dan lihat produk fashion trendi, yuk belanja sekarang!";elycloth;cardigan;cardiganrajut;knitwear;ootd;cardiganoutfit;fyp;foryoupage;cardiganmurah;;;;;;;;;;FALSE;;;DYREN;suara asli - DYREN;TRUE;90800;281;Knitwear Oversize Import ⭐️💫 #TikTokShopOOTD #elycloth #cardigan #cardiganrajut #knitwear #OOTD #cardiganoutfit #fyp #foryoupage #cardiganmurah ;13;1024;https://www.tiktok.com/@elycloth/video/7209128322222116123
9177;154900;95;743800;newshoppeland;Newshoppeland;"📍Bdg
Live Setiap Hari 9 Pagi - 9 Malam WIB
Premium Knitwear Self Manufacture
⬇️";FALSE;1629;237;11;24/02/2023 12.24;2928;;fyp;;ttshoplocal;racuntiktok;cardiganpremium;rajutpremiuman;sweater;ootd;knitpremium;cardigan;murah;;;;;;;;;;TRUE;;;GeryGany;suara asli - GeryGany;TRUE;349900;80;Absen yuk! Yang udah punya produk Bestseller bulan ini siapa aja nih Bestiee✨🥰🥹 #fyp #TTShopLocal #racuntiktok #cardiganpremium #rajutpremiuman #sweater ##ootd #knitpremium #cardigan  #murah ;11;1024;https://www.tiktok.com/@newshoppeland/video/7203589083220872474
399;58500;12;595100;miscathelabel_;miscathelabel;"🛒 Shopee: miscathelabel 
IG: miscathelabel_
📔 : miscadiary_
📍Bandung, Idn";FALSE;510;4218;74;21/12/2022 15.49;12600;;tiktokfashion;We're celebrating all things fashion, so whether you're a DIY-er, hit the second-hand shops or wait in line for limited releases, here's to #TikTokFashion.;cardiganknit;cardiganmurah;ootdindo;ootdhijab;racunintiktok;;;;;;;;;;;;;;TRUE;;;Ryan Castro;Mujeriego;FALSE;483900;376;BARU ! Warna Maroon 🥹❤️ #tiktokfashion #cardiganknit #cardiganmurah #ootdindo #ootdhijab #racunintiktok ;10;1024;https://www.tiktok.com/@miscathelabel_/video/7179521408664456474
9177;154900;95;743800;newshoppeland;Newshoppeland;"📍Bdg
Live Setiap Hari 9 Pagi - 9 Malam WIB
Premium Knitwear Self Manufacture
⬇️";FALSE;1629;97;3;30/12/2022 17.31;941;cute lashes;;;ttshoplocal;rajutpremium;ootd;rajutmurah;tiktokshoppasbuatsemua;cardigan;cardiganmurah;;;;;;;;;;;;FALSE;@Edmonia💐;;DED🎶;Armada dimabuk cinta;TRUE;83700;20;Replying to @Edmonia💐 perhitaman done✅🖤#ttshoplocal #rajutpremium #ootd #rajutmurah #tiktokshoppasbuatsemua #cardigan #cardiganmurah ;29;1024;https://www.tiktok.com/@newshoppeland/video/7182887210297937179
399;58500;12;595100;miscathelabel_;miscathelabel;"🛒 Shopee: miscathelabel 
IG: miscathelabel_
📔 : miscadiary_
📍Bandung, Idn";FALSE;510;249;9;31/01/2023 19.23;785;;fashionfansfestival;"FOLLOW = DISKON EKSTRA

Follow penjual favoritmu dan dapatkan diskon menariknya! 

Nikmati ribuan voucher dan subsidi produk spesial di penjual favorit kalian di Tiktok Shop - Fashion Fans Festival!

Yuk, segera upload video dengan hashtag #FashionFansFestival !";racunintiktok;tiktokfashion;tiktokhaul;cardiganmurah;cardiganoutfit;;;;;;;;;;;;;;FALSE;;;Mixue CBD Cengkareng;suara asli - Mixue CBD Cengkareng;TRUE;59100;48;Birunya lucuk poll 💙💙💙 #fashionfansfestival #racunintiktok #tiktokfashion #tiktokhaul #cardiganmurah #cardiganoutfit ;8;1024;https://www.tiktok.com/@miscathelabel_/video/7194790836482116891
11300;189900;6;7100000;annasyamarinasari;annasya Marinasari;"12 Mei 1994
jangan lupa untuk follow ya 👍
Bismillah 🙏";FALSE;1498;249;11;23/06/2023 17.03;571;;cardigan;;cardiganrajut;cardiganmurah;cardiganoversize;jaket;jaketmurah;jaketwanita;jaketkekinian;outfit;ootd;atasanwanita;outer;oversize;premium;koreanstyle;;;;;FALSE;;;MVC Project;Dynasty To;FALSE;143600;132;Cardigan Rajut Square Casual Korean Style. #cardigan #cardiganrajut #cardiganmurah #cardiganoversize #jaket #jaketmurah #jaketwanita #jaketkekinian #outfit #ootd #atasanwanita #outer #oversize #premium #koreanstyle ;17;1024;https://www.tiktok.com/@annasyamarinasari/video/7247820059358285061
822;11400;5757;16000;goodlookingstores;GOODLOOKINGSTORE;"Live Baju Wanita dan Baju Anak
🔥Live Setiap Hari🔥
     jam 06-18 WIB";FALSE;242;12;2;21/05/2024 08.09;443;;cardi;;liveblouse;;;;;;;;;;;;;;;;;;FALSE;;;Ashley Mehta;When I Ride;FALSE;4623;11;Cuma bisa dibeli dilive aku ya beb, murce pokoknya 🔥🔥#cardi #liveblouse ;12;1024;https://www.tiktok.com/@goodlookingstores/video/7371253807637990661
7785;1500000;25;41300000;bobrownn;Bo Brown;"Fashion & beauty inspo 🎀
💌 Info@bo-brown.nl
👇🏽 More content?";FALSE;1888;11100;15;16/01/2024 00.06;19300;;fashionhacks;;stylinghack;cardiganhack;cardigan;;;;;;;;;;;;;;;;FALSE;;;ALTÉGO;MURDER ON THE DANCEFLOOR X LADY;TRUE;1300000;843;CROP YOUR CARDIGAN PERFECTLY 🤯 What do you think? SAVE FOR LATER 🎀 & hit the + for daily #fashionhacks #stylinghack #cardiganhack #cardigan ;13;1024;https://www.tiktok.com/@bobrownn/video/7324372668617198881
9177;154900;95;743800;newshoppeland;Newshoppeland;"📍Bdg
Live Setiap Hari 9 Pagi - 9 Malam WIB
Premium Knitwear Self Manufacture
⬇️";FALSE;1629;379;17;14/02/2023 11.33;5587;;fyp;;ttshoplocal;sweaterrajutpremium;rajutpremium;cardiganmurah;rajutmurah;;;;;;;;;;;;;;TRUE;;;zlata;kamisama kiss;TRUE;641400;182;Yang masih sekolah yakin ga keracun?🥰✨😝 #fyp #TTShopLocal #sweaterrajutpremium #rajutpremium #cardiganmurah #rajutmurah ;9;1024;https://www.tiktok.com/@newshoppeland/video/7199864897029606683
1508;409;186;24300;_itsmeshen;rara 🧸;"Affiliate Account
🎀 BEAUTY | FASHION 🎀

contact 💌 :larah.shaine@yahoo.com";FALSE;58;79;5;25/03/2024 18.03;328;;fyp;;cardigan;knittedcardigan;blackcardigan;whitecardigan;koreancardigan;coverup;ootd;outfitcheck;foryou;foryoupage;outfitoftheday;fashiontiktok;;;;;;;FALSE;;;SONIDOS LARGOS;sonido original;TRUE;19900;14;++ super comfy and affordable🤍🖤🥹 #fyp #cardigan #knittedcardigan #blackcardigan #whitecardigan #koreancardigan #coverup #ootd #outfitcheck #foryou #foryoupage #outfitoftheday #fashiontiktok ;38;1024;https://www.tiktok.com/@_itsmeshen/video/7350255103170858246
41800;2949;103;935800;cioe.olshop;racuncio;beauty💄~ fashion🛍️~ furniture 🛒;FALSE;513;1580;20;18/12/2023 08.29;13600;;cardiganmurah;;fyp;4u;;;;;;;;;;;;;;;;;FALSE;;;DYREN;suara asli - DYREN;TRUE;366200;58;#cardiganmurah #fyp #4u ;10;1024;https://www.tiktok.com/@cioe.olshop/video/7313740690905746693
13600;398100;228;11800000;dwrstaa_;Racunnyauwiw;"Bb: 45
Tb: 156";FALSE;871;6263;79;19/02/2023 10.38;32300;Peach;stylishgakharusmahal;;;;;;;;;;;;;;;;;;;;FALSE;;;RizkiDuarr🌠;suara asli - RizkiDuarrr🌠;TRUE;717000;790;Cardigan crop cuma 20an ajeu #stylishgakharusmahal ;10;1024;https://www.tiktok.com/@dwrstaa_/video/7201706242522287386
11000;9274;3746;241600;racunurminds;NAJWA | OUTFIT INSPO ♡;"✨ 𝒴𝑜𝓊 𝒹𝑒𝓈𝑒𝓇𝓋𝑒 𝓉𝑜 𝓈𝒽𝒾𝓃𝑒 ✨
• ꜱʏᴜʀɢᴀ ᴏᴜᴛꜰɪᴛ ᴄᴀɴᴛɪᴋ ᴅᴀɴ ᴍᴜʀᴀʜ •";FALSE;210;187;26;05/09/2023 15.27;446;;cardigan;;cardiganmurah;cardiganrajut;cardigankorea;cardigankoreanstyle;knittedcardigan;;;;;;;;;;;;;;FALSE;;;🪼;lovemaybe;TRUE;33900;62;Finally found this baggy and comfy knitted cardigan ala korean style 🥺❤️ #cardigan #cardiganmurah #cardiganrajut #cardigankorea #cardigankoreanstyle #knittedcardigan ;11;1024;https://www.tiktok.com/@racunurminds/video/7275255483991149842
7;2055;1191;5937;pink.store4;pink store ♡;"Hii .. 💌
Support 1K .. 🫶🏻";FALSE;11;11;8;26/03/2024 10.19;84;;cardiganrajut;;cardiganmotif;cardiganmurah;cardiganoutfit;;;;;;;;;;;;;;;;FALSE;;;Ega;ful yutub TutungID fvnky;TRUE;1582;20;Hah? Cardigan 30ribuan 😭🫵🏻‼️ #cardiganrajut #cardiganmotif #cardiganmurah #cardiganoutfit ;27;1024;https://www.tiktok.com/@pink.store4/video/7350506626626915589
7785;1500000;25;41300000;bobrownn;Bo Brown;"Fashion & beauty inspo 🎀
💌 Info@bo-brown.nl
👇🏽 More content?";FALSE;1888;269;14;28/09/2023 00.38;1246;;;;stylinghacks;cardigan;falloutfitideas;falloutfits;;;;;;;;;;;;;;;FALSE;@brooke;;Kenya Grace;Strangers;FALSE;72700;25;Antwoorden op @brooke j - Styling this VIRAL CARDIGAN from Uniqlo 🍂 Which item is next? SAVE THE OUTFIT for later 💕 #stylinghacks #cardigan #falloutfitideas #falloutfits ;17;1024;https://www.tiktok.com/@bobrownn/video/7283561461404699937
617;3334;2727;19600;arini_swift;Arini swift;;FALSE;210;111;4;06/01/2024 19.05;243;;fyp;;fypシ;fashion;cardigan;cardiganrajut;cardiganoutfit;cardiganknit;cardiganstrip;cardiganmurah;cardigancrop;cardigan;cardiganrajutmurah;;;;;;;;FALSE;;;MVC Project;Dj Care Bebek Thailand Style (Remix);FALSE;71800;36;inspirasi outfit with strip cardigan knit, simpel, elegant anti ribet 😍😍 #fyp #fypシ #fashion #cardigan #cardiganrajut #cardiganoutfit #cardiganknit #cardiganstrip #cardiganmurah #cardigancrop #cardigan knitwear putih hitam #cardiganrajutmurah ;12;1024;https://www.tiktok.com/@arini_swift/video/7320955181917605126
1532;8712;255;380900;inndriiii;Indri ᥫ᭡;"Spill link klik disini👇🏻
kalo gabisa cek link di ig ya👇🏻";FALSE;288;6;0;03/05/2024 15.01;12;;cardi;;cardigan;cardiganoutfit;cardiganmurah;;;;;;;;;;;;;;;;FALSE;;;Hartian Juniawan;Kupu Kupu × Panah Asmara;TRUE;2177;6;Bagus banget modelnya😭 #cardi #cardigan #cardiganoutfit #cardiganmurah ;18;1024;https://www.tiktok.com/@inndriiii/video/7364680447470619909
2271;38200;38;289100;by.anbeela;𝐵𝒾𝓁𝒶🧚 | Inspirasi Fashion;"اَللَّهُمَّ صَلِّ عَلٰى سَيِّدِنَا مُحَمَّد 
Tips Affiliate
❌ JANGAN AMBIL VIDEO";FALSE;299;345;17;09/07/2023 20.28;878;;cardiganrajut;;cardiganmurah;cardigankorea;cardigankekinian;cardiganviral;cardigankoreanstyle;cardigankoreamurah;cardigankoreanviral;cardigankoreanaeshtetic;;;;;;;;;;;FALSE;;;화정,Purple Rain;CHU♥;FALSE;255800;285;Cuma 30rb-an🥺 #cardiganrajut #cardiganmurah #cardigankorea #cardigankekinian #cardiganviral #cardigankoreanstyle #cardigankoreamurah #cardigankoreanviral #cardigankoreanaeshtetic ;17;1024;https://www.tiktok.com/@by.anbeela/video/7253810230411136262
11300;189900;6;7100000;annasyamarinasari;annasya Marinasari;"12 Mei 1994
jangan lupa untuk follow ya 👍
Bismillah 🙏";FALSE;1498;589;24;01/06/2023 13.55;1392;;cardigan;;cardiganrajut;cardiganmurah;cardiganoversize;cardiganwanita;outercardigan;sweater;jaket;jaketmurah;fashion;fashiontiktok;styletips;premiumquality;ootd;outfit;oversize;baju;bajumurah;bajuwanita;FALSE;;;Afgan;Panah Asmara;FALSE;367400;468;Rekomendasi Cardigan Rajut Oversize Batwing Wanita. #cardigan #cardiganrajut #cardiganmurah #cardiganoversize #cardiganwanita #outercardigan #sweater #jaket #jaketmurah #fashion #fashiontiktok #styletips #premiumquality #ootd #outfit #oversize #baju #bajumurah #bajuwanita ;14;1024;https://www.tiktok.com/@annasyamarinasari/video/7239607667457559814
3387;2322;92;220200;cellantha;cella *˚:✧｡;"dm ig for business inq ✨
mostly fashion 
○ 149 / 46 ○";FALSE;265;385;5;26/08/2023 15.06;963;;cardigancollection;;cardiganrajut;cardiganoutfit;cardiganmurah;;;;;;;;;;;;;;;;FALSE;;;spedupaudiossss;original sound;TRUE;58300;22;pengen koleksii cardigann lainn lgg 😭🫶🏻 #cardigancollection #cardiganrajut #cardiganoutfit #cardiganmurah ;13;1024;https://www.tiktok.com/@cellantha/video/7271539238443699462
33900;21800;414;62000;itsliyahlala;Liyah Lala;"here for outfit recos! ˚ ༘♡ ⋆｡˚
💌contact.aaliyahbalala@gmail.com";FALSE;420;866;53;08/09/2023 21.18;2589;;fyp;;knittedcardigan;cardigan;cardiganoutfit;neutralaesthetic;neutraloutfitideas;liyahlalaa;sweater;sweaterweather;ttsallstarprogram;;;;;;;;;;FALSE;;;W&K;som original;TRUE;155500;60;309 pesos mo may knitted top & cardigan ka na 🤎 #fyp #knittedcardigan #cardigan #cardiganoutfit #neutralaesthetic  #neutraloutfitideas #liyahlalaa #sweater #sweaterweather #ttsallstarprogram ;24;1024;https://www.tiktok.com/@itsliyahlala/video/7276459360719473925
2778;86100;122;2100000;fleur.raffan;Fleur;"London
Instagram @fleurraffan (309k)
Fleur@e-idols.com
Shop my outfits ⬇️";FALSE;1217;365;11;07/08/2023 02.58;1256;;chicstyle;;elegantoutfits;london;;;;;;;;;;;;;;;;;FALSE;;;Fleur;original sound;TRUE;51500;36;My fave chic cardigans right now. #chicstyle #elegantoutfits #london ;52;1024;https://www.tiktok.com/@fleur.raffan/video/7264301009374170401
124300;103000;163;4000000;tasyaletha;Tasyaletha ✧;"172cm / 50kg
Beli dmn? Klik link di bawah ini👇🏻";FALSE;1432;14;4;19/02/2023 10.22;62;;;;cardigan;koreanoutfit;cardiganmurah;;;;;;;;;;;;;;;;FALSE;@frappuccinolatte;;Donny Fernanda;Sial (Remix);FALSE;2656;3;Replying to @frappuccinolatte link no.283 bnyak pilihn motif dan warnannya #cardigan #koreanoutfit #cardiganmurah ;8;1024;https://www.tiktok.com/@tasyaletha/video/7201702162353736987
9177;154900;95;743800;newshoppeland;Newshoppeland;"📍Bdg
Live Setiap Hari 9 Pagi - 9 Malam WIB
Premium Knitwear Self Manufacture
⬇️";FALSE;1629;155;16;23/01/2023 13.40;990;;fyp;;rajutpremium;ttshoplocal;rajutpmurah;genshinimpact34;cardigan;fypシ;cardiganrajut;ootdinspo;;;;;;;;;;;FALSE;;;Hanna;All the baddies using this sound;TRUE;88500;55;Siapa lagi nih! Yang nunggu produk baru kita Launching!! Kacau sih ini bikin pengen borong semua warna 🥹🥹😭 #fyp #rajutpremium #TTShopLocal #rajutpmurah #GenshinImpact34 #cardigan #fypシ #cardiganrajut #ootdinspo ;22;1024;https://www.tiktok.com/@newshoppeland/video/7191733951461887258
8572;6400;50;464400;rekomendasioutift1;💗;Beauty&fashion;FALSE;707;4;0;09/08/2023 21.08;21;;cardigan;;cardigancrop;clarisa;knit;cardiganmurah;rajut;fyp;cardiganrajut;;;;;;;;;;;;FALSE;;;BRUTAL 🔥;suara asli - BLACK BRUTAL_MANS🌹;TRUE;2751;13;#cardigan #cardigancrop #clarisa #knit #cardiganmurah #rajut #fyp #cardiganrajut ;16;1024;https://www.tiktok.com/@rekomendasioutift1/video/7265324249148116230
6712;8963;144;224400;tiktokfinds66;Sheena🎀;"DO NOT REUPLOAD MY VIDEOS
📩sheenacabatingan25@gmail.com
🧿🧿
Floodlikes=BLOCKED";FALSE;824;288;24;14/09/2023 18.04;1142;;fashion;;cardigan;cardiganoutfit;cardigans;cardiganforwomen;knittedcardigan;cardigansweater;blowthisup?;mostviewed;;;;;;;;;;;FALSE;;;Osama🦁Aslan;Rihanna Egyptian remix;TRUE;51400;134;So cute😍 #fashion #cardigan #cardiganoutfit #cardigans #cardiganforwomen #knittedcardigan #cardigansweater #blowthisup? #mostviewed ;9;1024;https://www.tiktok.com/@tiktokfinds66/video/7278635806217014533
42;3263;50;4893;cardiganku_murah;cardigan murah;"PAKET USAHA
1Kg PILIH 3 BISA RIQUST
📱085869209742
📍Boyolali jawa tengah";FALSE;7;0;0;17/01/2023 23.08;1;;cardiganmurah;;cardiganrajut;cardiganoversize;;;;;;;;;;;;;;;;;FALSE;;;haluallday;Heyek Crew Suwung;TRUE;193;0;#cardiganmurah #cardiganrajut #cardiganoversize ;11;1024;https://www.tiktok.com/@cardiganku_murah/video/7189653616414788890
9177;154900;95;743800;newshoppeland;Newshoppeland;"📍Bdg
Live Setiap Hari 9 Pagi - 9 Malam WIB
Premium Knitwear Self Manufacture
⬇️";FALSE;1629;303;7;01/02/2023 09.12;888;cute freckles with lashes;fyp;;ttshoplocal;racuntiktok;cardiganpremium;cardiganaesthetic;rajutmurah;racunintiktok;cardigan;cardiganoversize;;;;;;;;;;;FALSE;;;Speedy_SNGXS;original sound;TRUE;62400;47;Bosen sama warnanya? tinggal balikin aja bestieee 🔥🥹✨ #fyp #TTShopLocal #racuntiktok #cardiganpremium #cardiganaesthetic #rajutmurah #racunintiktok #cardigan #cardiganoversize;7;1134;https://www.tiktok.com/@newshoppeland/video/7195004561973710107
3878;3566;3261;198000;zartashaas;Zartasha🩷;"°•°
°~🎀🍐🍊🤎🍹🫐 ~°
 ^~^
 link belanja shopee";FALSE;1303;26;0;08/12/2022 17.11;40;;ootd;What's your #OOTD?;cardiganmurah;stylingoutfits;spilljualanonline;ootdhijab;;;;;;;;;;;;;;;FALSE;;;senia;thinking out loud;TRUE;3210;3;cardigan ala cewek kue nihh🤩 #ootd #cardiganmurah #stylingoutfits #spilljualanonline #ootdhijab ;9;1024;https://www.tiktok.com/@zartashaas/video/7174718273290915099
1070;65900;151;1100000;leastoreofficial;leastoreofficial;"PRODUK SEMUA WAJIB PUNYA‼️
✨10.00 , 15.00   & 19.00 ✨";FALSE;183;13400;317;16/11/2022 11.24;98100;;sourcesofficial;;shopeehaul;shopeefeed;shopeehaulmurah;racunshopeecheck;racuntiktokcheck;racuntiktokshopee;racuntiktokshop;racuntiktokshopping;racuntiktokshopmurah;ootdhijab;ootdshare;ootdstyle;outfit50k;cardiganmurah;;;;;TRUE;;;Kuya Magik 🪄;Kickin Back x Ex Party;TRUE;6600000;3003;Our New Cardigan! ✨  Cardigan viral yang wajib ciwi ciwi punya nih. Details rantai-nya bikin outfit kamu keliatan lebih mewah 😩🌟 Dan satu lagi harganya cuman 48rb ajaa 🥹✋🏻  Checkout only keranjang kuning!  #sourcesofficial #shopeehaul #shopeefeed #shopeehaulmurah #racunshopeecheck #racuntiktokcheck #racuntiktokshopee #racuntiktokshop #racuntiktokshopping #racuntiktokshopmurah  #ootdhijab #ootdshare #ootdstyle #outfit50k #cardiganmurah ;9;1024;https://www.tiktok.com/@leastoreofficial/video/7166465038994132250
1045;7814;107;574800;rebeccahappyy;Eccapie;"DILARANG REPOST SEMUA VIDEO DI AKUN INI!
*kang repost jgn follow🙏";FALSE;742;288;12;14/12/2023 09.11;1244;;rajut;;rajutmurah;cardiganrajut;cardigan;;;;;;;;;;;;;;;;FALSE;;;Dinocucsuc;nhạc nền - Dinocucsuc;TRUE;94600;55;#rajut #rajutmurah #cardiganrajut #cardigan ;10;1024;https://www.tiktok.com/@rebeccahappyy/video/7312267224222289158
9177;154900;95;743800;newshoppeland;Newshoppeland;"📍Bdg
Live Setiap Hari 9 Pagi - 9 Malam WIB
Premium Knitwear Self Manufacture
⬇️";FALSE;1629;13;3;03/11/2023 15.06;40;Glass headphone;fyp;;november;cardigan;rajut;;;;;;;;;;;;;;;;FALSE;;;all;Hanya kamu yang bisa;TRUE;4764;12;Kadang butuh banget gak sih cardigan yang gampang dibawa dan anti ribet kaya gini!  #fyp #november #cardigan #rajut ;15;1024;https://www.tiktok.com/@newshoppeland/video/7297144296791231750
3546;49;74;2128;ssyeira_;miciii🫧;haii🤍;FALSE;159;65;2;21/02/2024 13.18;180;;cardigan;;fypppdonggg;;;;;;;;;;;;;;;;;;FALSE;;;KOHKUN;オリジナル楽曲 - KOHKUN;TRUE;22300;11;kaya merek sebelah gasihh #cardigan #fypppdonggg ;9;1024;https://www.tiktok.com/@ssyeira_/video/7337935857648798981
848;12100;0;97500;hanieqt99;HanieQT;"🤲Bismillah
beli cek keranjang
👇👇👇👇";FALSE;453;448;262;25/09/2023 16.07;5490;;cardiganwanita;;cardiganrajut;;;;;;;;;;;;;;;;;;FALSE;;;kampuang_patin.02;suara asli;TRUE;571500;581;#cardiganwanita #cardiganrajut ;7;1024;https://www.tiktok.com/@hanieqt99/video/7282687613495037190
1889;5290;44;9391;afyaanur_;Afyaa✨;"LIVE SETIAP HARI 💗
ig : afyanurull
Link Oyen ⤵️";FALSE;71;37;13;27/06/2023 20.25;901;;cardiganrajut;;outfitkorea;outfitmurah;;;;;;;;;;;;;;;;;FALSE;;;Raim Laode;Komang;FALSE;16100;47;secakep itu 🤍 #cardiganrajut #outfitkorea #outfitmurah ;9;1024;https://www.tiktok.com/@afyaanur_/video/7249356394447621381
445;630700;23;6300000;knitgoods.id;nigoo.id;Nigoo Official;FALSE;1248;665;12;01/08/2022 19.59;2188;;fyp;;weekendootd;racuntiktok;;;;;;;;;;;;;;;;;FALSE;;;;;FALSE;89000;50;😍😍#fyp #weekendootd  #racuntiktok;9;1024;https://www.tiktok.com/@knitgoods.id/video/7126891626072395034
21100;161000;390;3700000;sintiadewii1;Sintia🐻;"Riau
155/40";FALSE;1998;7059;74;04/11/2022 16.04;34100;;cardiganwaffle;;fyp;;;;;;;;;;;;;;;;;;FALSE;;;templatecapcut;DJ PELUKLAH TUBUHKU DJ ERKA DAN DJ YOGA;TRUE;706300;584;Cardi waffle under 40k doang,murah bgt ga sih🥹❤️ #cardiganwaffle #fyp ;13;1024;https://www.tiktok.com/@sintiadewii1/video/7162084159924555035
5627;775;818;3760;swiftstylelink;SwiftShop;"TikTok Affiliate
check my basket below!! 🩷🎀";FALSE;169;17;4;01/07/2023 18.57;53;;korean;;outfit;cardigan;vest;sleeveless;ootd;recommendations;tiktok;;;;;;;;;;;;FALSE;;;Indra Wave;Love to Go;FALSE;17800;40;Knitted Vest Cardigan Check 🤸🏼‍♀️ out 🤸🏼‍♀️ mo 🤸🏼‍♀️ nayan 🤸🏼‍♀️ beshy 🤸🏼‍♀️ ko 🤸🏼‍♀️ #korean #outfit #cardigan #vest #sleeveless #ootd #recommendations #tiktok ;15;1024;https://www.tiktok.com/@swiftstylelink/video/7250818068350258437
10500;162900;105;5100000;shaynehydn;shaynehydn;"🧸fashion inspo | canada
💌Shayne@levenagency.co
insta: shaynehydn";FALSE;266;662;48;19/04/2023 22.15;4246;;knitcardigan;;knitwear;fashion;outfitinspo;;;;;;;;;;;;;;;;FALSE;;;harley;original sound;TRUE;101800;132;love my cardigans🥹🍒 #knitcardigan #knitwear #fashion #outfitinspo ;13;1024;https://www.tiktok.com/@shaynehydn/video/7223779987843812613
1120;102;8;3468;spillyourcloset;FASHION • BEAUTY • LIFESTYLE;beauty, fashion, barang unyu2;FALSE;93;128;0;06/08/2023 15.32;469;;fyp;;cardigan;outfitideas;rekomendasi;;;;;;;;;;;;;;;;FALSE;;;NewJeans;Super Shy;FALSE;23800;10;aesthetic, nyaman & murah 🤩 #fyp #cardigan #outfitideas #rekomendasi ;12;1024;https://www.tiktok.com/@spillyourcloset/video/7264124348032748806
3516;977600;25;26400000;noahaltink;Noah Altink;"Your source of fashion and beauty inspo for men
noahaltink@gmail.com";FALSE;1410;17900;543;17/10/2022 19.50;83300;;stylinghacks;;cardiganhack;cardiganstyles;tutorials;stylingtips;mensfashion;;;;;;;;;;;;;;FALSE;;;ALTÉGO;UNHOLY ALTÉGO REMIX;TRUE;5400000;948;How to create a CROPPED CARDIGAN 👀 Hit the + for daily #stylinghacks ✅ #cardiganhack #cardiganstyles #tutorials #stylingtips #mensfashion ;10;1024;https://www.tiktok.com/@noahaltink/video/7155462735109590278
3516;977600;25;26400000;noahaltink;Noah Altink;"Your source of fashion and beauty inspo for men
noahaltink@gmail.com";FALSE;1410;536;10;26/09/2023 21.45;1465;;fashionhacks;;stylinghacks;cardiganhack;cardigan;;;;;;;;;;;;;;;;FALSE;;;˚₊‧ 🎧 ‧₊˚;Originalton;TRUE;62000;26;How to get perfect lenght cardigan 🤯 SAVE FOR LATER GUYS 👏🏼& hit the + for daily #fashionhacks & #stylinghacks 👀 #cardiganhack #cardigan ;11;1024;https://www.tiktok.com/@noahaltink/video/7283145820210236705
17000;97;370;14600;cutestuffhereee;Cutestuffhereee;Welcome, happy shopping!✨🎀😆;FALSE;100;2;2;02/01/2024 20.28;8;;cardiganpendek;;kardiganpendek;kardiganlucu;kardiganmurah;topmurah;ootdlucu;racuntiktok;fyp;;;;;;;;;;;;FALSE;;;KAYDEN;RUNAWAY;FALSE;877;0;Harga murah hati tenang🫰😋 #cardiganpendek #kardiganpendek #kardiganlucu #kardiganmurah #topmurah #ootdlucu #racuntiktok #fyp ;7;1024;https://www.tiktok.com/@cutestuffhereee/video/7319492154093522182
7963;303100;230;4300000;arealama.official;AREALAMA;"SUPPLIER KOREAN OUTFIT TERBESAR!
💖Mau mulai usaha?💖
kIik👇🏻";FALSE;1382;1623;93;08/02/2021 16.52;9892;;krisbeebeekingoyang;;fyp;xyzbca;pastiawesome;racunshopee;;;;;;;;;;;;;;;FALSE;;;favsoundds;just the two of us;TRUE;95200;102;siapa suka warna pasteeel! #KrisbeeBeekinGoyang #fyp #xyzbca #PastiAWESOME #racunshopee;19;960;https://www.tiktok.com/@arealama.official/video/6926828613786422529
3259;105300;28;5600000;its.meindi;Im.tckrbelx;Spill barang ⬇️;FALSE;245;747;154;07/02/2023 11.39;2545;;;;;;;;;;;;;;;;;;;;;;FALSE;;;sapu;suara asli - putera;TRUE;195300;216;Cardigan?;15;1024;https://www.tiktok.com/@its.meindi/video/7197268848297463067
12600;26900;193;5600000;mioteriyaki;mioteriyaki;"mioteriyaki@outlook.com 
ig: mioteriyaki";FALSE;747;87;14;31/01/2024 17.31;649;;fyp;;foryou;cardigan;outfitsinspo;;;;;;;;;;;;;;;;FALSE;;;hxdes sounds :);like me;TRUE;8311;2;Cardigans are so great cause you can just throw them on #fyp #foryou #cardigan #outfitsinspo ;6;1024;https://www.tiktok.com/@mioteriyaki/video/7330208117600357664
1449;1916;45;9141;halula.id;Halulaa;"hii,....
~ Fashion
~ Live setiap hari ✨
CURI VIDEO DENDA 5JT 🥰";FALSE;90;92;1;24/04/2024 17.15;162;;cardiganoutfit;;cardiganrajut;outfitideas;cardiganoutfit;;;;;;;;;;;;;;;;FALSE;;;・❥・;glue song;TRUE;11800;17;Rekomendasi cardigan hitam simpel #cardiganoutfit #cardiganrajut #outfitideas #cardiganoutfit ;10;1024;https://www.tiktok.com/@halula.id/video/7361375245791415557
1743;1766;220;42600;shopwithmeofficial;SHOPWITHME;"digital creator/UGC
lifestyles/ caara 🤍
💌 for business- DM or email";FALSE;310;49;1;27/09/2022 10.27;251;;affiliatemarketing;;cardigan;cardiganoutfit;top;affiliatemarketing;fashion;;;;;;;;;;;;;;FALSE;;;Phoebe;AMAZING;TRUE;20200;24;short sleeve mini cardigan ❤️✨ 🛒 click the 🟡BAG #affiliatemarketing #cardigan #cardiganoutfit #top #affiliatemarketing #fashion ;6;1024;https://www.tiktok.com/@shopwithmeofficial/video/7147896115621367067
181100;266400;962;2800000;rrrismayanti;ima🧚🏻‍♀️;"Creator fashion💚
Live jualan tiap hari🌻";FALSE;1167;5604;127;22/05/2022 16.57;19300;;;;;;;;;;;;;;;;;;;;;;FALSE;;;⚡️;Cutiepie;TRUE;738100;686;Rajutnya tebel2 bgt😭😭;10;1024;https://www.tiktok.com/@rrrismayanti/video/7100497769210580251
1204;304600;0;2800000;tellmestory_;roseis;SALE ACCOUNT!!! for order baby reborn doll;FALSE;179;274;8;17/12/2023 10.52;666;;cardigan;;fyp;outer;cardiganrajut;belanjaditiktok;tiktoklokalokagirls;belanjaditiktokshop;tiktokshopbukalagi;cardiganwanita;;;;;;;;;;;FALSE;;;DJ USUP;Dj Balada Boa X Pika Pika Kawenimeri;FALSE;175500;121;cardigan premium cuma 50rban aja #cardigan #fyp #outer #cardiganrajut #belanjaditiktok #tiktoklokalokagirls #belanjaditiktokshop #tiktokshopbukalagi #cardiganwanita ;13;1024;https://www.tiktok.com/@tellmestory_/video/7313406530907311366
12300;55800;64;1600000;weinhj;𝙬𝙚𝙞𝙣;"163/47
fashion addict
ig: weinhj
shop my fits👇";FALSE;433;1375;4;26/04/2024 18.41;1934;;hacks;;outfithacks;cardiganhack;cardigan;sweater;outfitideas;outfittips;tipsandtricks;tips;fy;;;;;;;;;;FALSE;;;favsoundds;never be the same;TRUE;55700;100;would u try thiiis?👀 #hacks #outfithacks #cardiganhack #cardigan #sweater #outfitideas #outfittips #tipsandtricks #tips #fy ;37;1024;https://www.tiktok.com/@weinhj/video/7362139662061686021
167;5385;6;494800;dailyfairey;Dailyfairy;♡;FALSE;230;21;0;30/04/2024 18.23;37;;black;;cardigan;outfit;foryou;;;;;;;;;;;;;;;;FALSE;;;kardashianshulu;original sound;TRUE;3841;4;#black #cardigan #outfit #foryou ;7;1024;https://www.tiktok.com/@dailyfairey/video/7363619265452281094
185;1565;5;4741;sleepykuma.id;Sleepy Kuma;"Self-manufactured & imported stuff 🧸
Shop now 👇🏻";FALSE;168;20;0;16/11/2023 15.44;520;;;;;;;;;;;;;;;;;;;;;;FALSE;;;Tre Coast;Don’t Talk to Me (Sped-up Version);FALSE;71500;8;Cewe kue wajib punyaaa sihh 🤭;10;1024;https://www.tiktok.com/@sleepykuma.id/video/7301978090413034758
6365;1461;1194;20100;chinsou11;Chinsoushop;"Tiktok affiliate

Engene";FALSE;126;8;1;30/03/2024 10.26;20;;cardiganforwomen;;cardigan;fashion;outfitideas;fypシ;foryo;;;;;;;;;;;;;;FALSE;;;hyeinstu;aespa love me like this;TRUE;3538;7;Cardigan recommendations for women ✨ #cardiganforwomen #cardigan #fashion #outfitideas #fypシ #foryo ;9;1024;https://www.tiktok.com/@chinsou11/video/7351992702730390789
790;924;325;13100;indahnk99;Qeenan&mom;"Review Produk Mom & Kids 👱🏻‍♀️👶🏻
📱Instagram : indahnk23
CURI VIDEO DENDA!!";FALSE;415;2039;74;09/01/2023 07.01;6961;;flksyuk;;flksyaguys🥰biarrame🥰;fypp;cardiganrajut;fashionwanita;ootdhijabstyle;flkssupport;fypdongggggggg;affiliatetiktok;;;;;;;;;;;FALSE;;;DJ Lunox;Panek Di Awak Kayo Di Urang;FALSE;513100;584;Yuk samaan 😊 klik keranjang kuning ya🤗 #flksyuk #flksyaguys🥰biarrame🥰 #fypp #cardiganrajut #fashionwanita #ootdhijabstyle #flkssupport #fypdongggggggg #affiliatetiktok ;13;1024;https://www.tiktok.com/@indahnk99/video/7186435828065815834
512;722;568;9058;chieefinds;chie.;"tiktok affiliate 🫶🏻
recos and budols 🧿";FALSE;471;21;0;05/02/2023 09.46;48;;cardigan;;affiliate;;;;;;;;;;;;;;;;;;FALSE;;;INJI;GASLIGHT;FALSE;7884;43;Korean Cardigan for only 99! 🥰🤎  Check out na! #cardigan #affiliate ;15;1024;https://www.tiktok.com/@chieefinds/video/7196497681273949466
503;73500;31;115100;bajukiloan;bajukiloan;"Live Setiap Hari
20.00 -  05.00 WIB
Chekout Langsung Keranjang Kuning
⬇️⬇️⬇️⬇️⬇️";FALSE;452;87;6;05/07/2023 18.51;291;Flora;bajukorea;;bajukoreamurah;bajuonlineshopmurah;paketusahaimport;thriftingbukankalengkaleng;bajukiloan;ballsegel;fypシ;;;;;;;;;;;;FALSE;;;SIL;suara asli - Scorpio🏴‍☠️;TRUE;60700;27;GEMOY GEMOY YA CARDINYA KAYA KAMU😍🥰 JOIN DI LIVE YUK GAES🥰 #bajukorea #bajukoreamurah #bajuonlineshopmurah #paketusahaimport #thriftingbukankalengkaleng #bajukiloan #ballsegel #fypシ ;12;1024;https://www.tiktok.com/@bajukiloan/video/7252300808052657414
399;182;131;1151;insiderspath;insiders;Temukan barang impianmu!!🌾🔥😍;FALSE;157;3;0;13/04/2024 02.49;23;;rekomendasi;;cardigan;cardiganrajut;cardiganoutfit;murah;fashion;outfitideas;cardiganmurah;fypシ;xyzbca;masukberanda;;;;;;;;;FALSE;;;THE POWER OF BABU🇹🇼🙌🔥🥭;suara asli - FUEL Indramayu Ndablegg 🥭🤘🔥;TRUE;711;0;Sapa disini cari cardigam murah🫣 #rekomendasi #cardigan #cardiganrajut #cardiganoutfit #murah #fashion #outfitideas #cardiganmurah #fypシ #xyzbca #masukberanda ;14;1024;https://www.tiktok.com/@insiderspath/video/7357070067214896389
4046;3975;637;112800;aprilina.lina;Aprilina.lina;"🌸Spall Spill Produk🌸
Toserba & Jalan jalan
Barang trending, Real pict 100%";FALSE;2141;11;0;21/04/2024 06.29;26;;cardiganrajut;;cardiganwanita;cardigankekinian;cardiganmurah;outfitideas;;;;;;;;;;;;;;;FALSE;;;𓆩𝑴𝑶𝑺𝑻𝑨𝑭𝑨𓆪;original sound;TRUE;4284;7;Cardigan rajut harus dimiliki😍#cardiganrajut #cardiganwanita #cardigankekinian #cardiganmurah #outfitideas ;19;1024;https://www.tiktok.com/@aprilina.lina/video/7360095537246391557
1532;8712;255;380900;inndriiii;Indri ᥫ᭡;"Spill link klik disini👇🏻
kalo gabisa cek link di ig ya👇🏻";FALSE;288;10300;41;12/12/2023 11.07;49300;;cardiganlucu;;cardiganmurah;;;;;;;;;;;;;;;;;;FALSE;;;PONCHET;พี่ชอบหนูที่สุดเลย (I Like You The Most) Feat.VARINZ - Speed Up Version;FALSE;704500;307;Cute banget😫 #cardiganlucu #cardiganmurah ;19;1024;https://www.tiktok.com/@inndriiii/video/7311555070330473734
77;316;5;6870;flowy.04;Racun Preloved 🛒;"preloved start from 15k !
🌸✨🦋🥰🧚
shopee : prelovedd.princess";FALSE;49;238;4;07/02/2023 23.17;451;;cardiganrajut;;cardiganmurah;cardigankorea;cardiganoutfit;tiktokshopindonesian;tiktokshopindonesiafyp;;;;;;;;;;;;;;FALSE;;;PAIN:(;KALO MAU PAKE JANGAN LUPA Ib nya ya knltl;TRUE;81200;55;cardigan Korean style dibawah 100k 😝  #cardiganrajut #cardiganmurah #cardigankorea #cardiganoutfit #tiktokshopindonesian #tiktokshopindonesiafyp ;11;1024;https://www.tiktok.com/@flowy.04/video/7197448898103856411
2211;724;1450;2565;inofashion.id;inofashion;Fashion and Aksesoris;FALSE;272;59;1;20/12/2023 09.04;302;;cardigan;;cardiganrajut;cardiganmurah;cardiganoutfit;;;;;;;;;;;;;;;;FALSE;;;Oki Fvnky;Dj Harga Diriku;FALSE;46900;4;Cardigan Kekinian! #cardigan #cardiganrajut #cardiganmurah #cardiganoutfit ;21;1024;https://www.tiktok.com/@inofashion.id/video/7314492012223417606
1065;9354;94;108300;khiliyaaa;Miskhiliya🕊️;"Spall spill outfit 💃🏻
45kg / 150cm
Join Live Setiap Hari !!!";FALSE;318;27;4;30/04/2024 20.35;28;;airacardiganrajut;;cardigan;cardiganmurah;outfit;cardigankorea;;;;;;;;;;;;;;;FALSE;;;greeedyari;we cant be friends;TRUE;3704;11;Restok lagi cardigan viral best seller cuma 70 ribuan aja !!! Co sekarang sebelum soldout 😍  #airacardiganrajut #cardigan #cardiganmurah #outfit #cardigankorea ;20;1024;https://www.tiktok.com/@khiliyaaa/video/7363653231962115333
23500;193500;419;4000000;chrystiannata;Chrystian Nata;"your favorite korean boy
IG: @chrystiannata

⬇️ SPILL ⬇️";FALSE;624;544;16;10/06/2022 19.32;2316;;koreanstyle;Kdrama fever-eyo? Show us your best #KoreanStyle juseyo!;cardigan;gayaditiktok;outfits;fashion;fashiontiktok;;;;;;;;;;;;;;FALSE;;;abel;better than gold speed up;TRUE;48400;21;Cardigan ala korea termurah! Link produk di bio no. 9✨ #koreanstyle #cardigan #gayaditiktok #outfits #fashion #fashiontiktok;9;1024;https://www.tiktok.com/@chrystiannata/video/7107588372054428955
9177;154900;95;743800;newshoppeland;Newshoppeland;"📍Bdg
Live Setiap Hari 9 Pagi - 9 Malam WIB
Premium Knitwear Self Manufacture
⬇️";FALSE;1629;63;4;06/12/2023 17.01;181;makeup;knitpremium;;cardiganrajut;cardiganpremium;rajutmurah;;;;;;;;;;;;;;;;FALSE;;;Phoebe;original sound;TRUE;22000;15;link no.4 bestie😍#knitpremium #cardiganrajut #cardiganpremium #rajutmurah ;12;1024;https://www.tiktok.com/@newshoppeland/video/7309419627241540869
6023;95000;272;2300000;lvblackwell;Liv 🤍  - everyday style;"style, beauty + life
IG: @lv_blackwell
Contact: liv@morganmanagement.co.uk";FALSE;1772;8;3;23/05/2024 00.14;58;;pinterestoutfit;;pinterestinspired;getthelook;sandaloutfit;;;;;;;;;;;;;;;;FALSE;;;Liv 🤍  - everyday style;original sound;TRUE;1244;0;Day 6 📌 Pinterest inspired spring outfits - styling the dad sandal #pinterestoutfit #pinterestinspired #getthelook #sandaloutfit ;47;1024;https://www.tiktok.com/@lvblackwell/video/7371873478066179360
5;93;0;597;cardiganpanjang;TETI ROKENTI SHOP;Balzer Cardigan Panjang Murah Berkualitas;FALSE;75;0;0;29/09/2023 03.04;3;;;;cardigan;cardiganwanita;blazerwanita;cardiganmurah;longblazer;longcardigan;cardiganpanjang;;;;;;;;;;;;FALSE;@trisuharti35;;TETI ROKENTI SHOP;suara asli - Cardigan Panjang;TRUE;272;0;Membalas @trisuharti35 Cardigan Blazer kekinian harga murah, yuk pesan sekarang juga. #cardigan #cardiganwanita #blazerwanita #cardiganmurah #longblazer #longcardigan #cardiganpanjang ;15;1024;https://www.tiktok.com/@cardiganpanjang/video/7283970173252537606
892;2077;64;130300;girllphar0s;shl🦄🪱;Yang mau keracunan klik keranjang kuning🥰;FALSE;385;1092;3;08/03/2024 16.53;2663;;;;cardiganrajut;cardigan;rekomendasiootd;baguspollllll🤗;fyp;;;;;;;;;;;;;;FALSE;@dulunyasmanjul;;MEYY;Pretty (Sped Up);FALSE;86200;74;Membalas @dulunyasmanjul #cardiganrajut #cardigan #rekomendasiootd #baguspollllll🤗 #fyp ;15;1024;https://www.tiktok.com/@girllphar0s/video/7343928581384326405
3172;1172;503;2523;chewytoffee333;Ryota;@;FALSE;10;85;1;01/09/2023 11.39;221;;cardigan;;vest;cardiganvest;vneck;foryourpage;foryou;recostiktokfinds;fypシ;fyp;tiktokfinds;;;;;;;;;;FALSE;;;ilhamhm;suara asli - am;TRUE;33300;17;Cardigan vest sleeveless outfit for men #cardigan #vest #cardiganvest #Vneck #foryourpage #foryou #recostiktokfinds #fypシ #fyp #tiktokfinds ;10;1024;https://www.tiktok.com/@chewytoffee333/video/7273712457749662982
3294;113000;67;8300000;gabrielairn;ig: gabrielairene;"contact thru ig for any inquiries❤️
beli disini//join group spill outfit!👇🏻";FALSE;530;6854;213;06/06/2021 16.33;43700;;racunshopee;;racunintiktok;66rumahhobisale;nyanyiwithpinksweats;atomekittens;;;;;;;;;;;;;;;FALSE;;;YT : Ikyy Pahlevii;original sound - YT : Ikyy Pahlevii;TRUE;377900;315;gada obat emang murah tp sebagus ini😭 #racunshopee #racunintiktok #66rumahhobisale #NyanyiWithPinkSweats #AtomeKittens;10;960;https://www.tiktok.com/@gabrielairn/video/6970611663183662337
6200;10800;96;1700000;uci.eee;Uci.eee ૮₍ ˶ᵔ ᵕ ᵔ˶ ₎ა;"Bussines = 085724132933
curi vt rezeki tidak berkah = denda 10 jt";FALSE;1404;20400;100;05/02/2023 14.04;103000;;cardigan;;cardiganmurah;rekomendasicardigan;;;;;;;;;;;;;;;;;FALSE;;;𝙅𝘿.𝙏𝙀𝙈𝙋𝙇𝘼𝙏𝙀;suara asli - 𝙅𝘿.𝙏𝙀𝙈𝙋𝙇𝘼𝙏𝙀;TRUE;1100000;944;Secakep ini cuma 40 ribuuu🥹#cardigan #cardiganmurah #rekomendasicardigan ;10;1024;https://www.tiktok.com/@uci.eee/video/7196564043329490202
4718;1161;3;3274;lingceuu;Lingce_Rahma;"✨ OUTFIT IDEAS ✨

SPILLLL ?
👇🏻👇🏻👇🏻";FALSE;69;28;2;19/09/2023 16.20;91;;fashion;;cardigan;cardy;;;;;;;;;;;;;;;;;FALSE;;;moon;bunyi asal - haa;TRUE;8194;6;Approve 🫶 jangan salah beli yaa guys karna ada yang murah tapi bahan tipis 🥰 . . #fashion #cardigan #cardy ;18;1024;https://www.tiktok.com/@lingceuu/video/7280464531334237445
47500;531;189;6949;diadem.yangchie;Yang;yang-su;FALSE;57;27;4;13/09/2023 16.33;149;;ootd;What's your #OOTD?;mensstyle;fashioninspo;;;;;;;;;;;;;;;;;FALSE;;;Travis Scott;FE!N (feat. Playboi Carti);FALSE;18700;6;#ootd #mensstyle #fashioninspo ;14;1024;https://www.tiktok.com/@diadem.yangchie/video/7278241166435323141
978;5885;25;36500;outfitcewek.murah;𝐑𝐀𝐂𝐔𝐍 𝚃𝚒𝚔𝚃𝚘𝚔𝚂𝚑𝚘p;"☆Random Post Khusus Produk Murah Pilihan☆
Check Out? Klik Keranjang dibawah
👇";FALSE;172;4187;226;31/07/2022 14.40;19300;;cardigan;;cardiganrajut;cardiganmurah;rajut;koreanstyle;batmanbangkit;bismillahfyp;fyp;fypシ;racunintiktok;xyzbca;;;;;;;;;FALSE;@Kang;;XVX;original sound - XVX;TRUE;1300000;1328;Lagi Flash Sale, Baju Cardigan Rajut Cuma 30k. #cardigan #cardiganrajut #cardiganmurah #rajut #koreanstyle #batmanbangkit #bismillahfyp #fyp #fypシ #racunintiktok #xyzbca @Kang Spill-nim;11;1024;https://www.tiktok.com/@outfitcewek.murah/video/7126438209055116570
3224;386;68;155800;aftiradiun;meyesfz;"suka jajan online dan spill ootd👇🏼

♡( •ॢ◡-ॢ)✧˖° ♡";FALSE;138;522;11;06/02/2024 10.22;1192;;ootd;What's your #OOTD?;ootdhijab;rekomendasioutfit;cardigan;cardiganrajut;peponi;rajutmurah;fitcheck;fyp;;;;;;;;;;;FALSE;;;фрози & joyful;bounce (i just wanna dance);FALSE;78300;26;cuaca kayak gini emang cocoknya pakai cardigan, simple tapi ttp keliatan anggun🧏🏻‍♀️🌷 #ootd #ootdhijab #rekomendasioutfit #cardigan #cardiganrajut #peponi #rajutmurah #fitcheck #fyp ;13;1024;https://www.tiktok.com/@aftiradiun/video/7332324115354750214
1938;960;267;6241;spilledbynau;nau ₊˚⊹ ♡;"FASHION & CUTE STUFFS 𓇢♡
53kg / 158cm 
✿LINK IN BIO↓ ʚ♡⃛ɞ
☾⋆𓃠⁺🎧✧∘༘⋆🌷🫧⊹𐐪𐑂";FALSE;82;198;15;27/06/2023 17.11;707;;cardigancrop;;croppedcardigan;cardiganoutfit;cardiganrajut;cardigan;cardiganmurah;outfitwanita;ootdinspo;shopinkae;ootdhijabstyle;ootdfashion;;;;;;;;;FALSE;;;thuy;universe (sped up);FALSE;61600;118;Cardigan crop tergemash🌸🪞🫧 otw mau punya semua warna✨🩰 super lucuuu banget buat dijadiin outer kamuuu (๑˃̵ᴗ˂̵) Cr: shopinkae #cardigancrop #croppedcardigan #cardiganoutfit #cardiganrajut #cardigan #cardiganmurah #outfitwanita #ootdinspo #shopinkae #ootdhijabstyle #ootdfashion  ;7;1024;https://www.tiktok.com/@spilledbynau/video/7249306529730563333
6200;10800;96;1700000;uci.eee;Uci.eee ૮₍ ˶ᵔ ᵕ ᵔ˶ ₎ა;"Bussines = 085724132933
curi vt rezeki tidak berkah = denda 10 jt";FALSE;1404;9189;66;22/12/2023 10.19;29200;;cardiganstripe;;cardiganrajutmurah;;;;;;;;;;;;;;;;;;FALSE;;;ale;suara asli - ale;TRUE;816100;310;#cardiganstripe #cardiganrajutmurah ;11;1024;https://www.tiktok.com/@uci.eee/video/7315253396901088518
1234;158;5;5367;jualanrandommm;✩°｡ 🎀⋆⸜ 🎧✮;✨Allahumma Sholli 'Ala Sayyidina Muhammad Wa Ala Ali Sayyidina Muhammad✨;FALSE;119;1215;19;04/09/2023 13.08;2372;;cardigankoreanstyle;;cardigancrop;cardigankorea;cardigan;fyp;fypシ;;;;;;;;;;;;;;FALSE;;;user39237861604;suara asli - Hajii_Ijummm🚀;TRUE;431800;470;#cardigankoreanstyle #cardigancrop #cardigankorea #cardigan #fyp #fypシ ;9;1024;https://www.tiktok.com/@jualanrandommm/video/7274848727158770949
